-- phpMyAdmin SQL Dump
-- version 4.7.1
-- https://www.phpmyadmin.net/
--
-- Host: localhost
-- Generation Time: Mar 06, 2019 at 07:26 AM
-- Server version: 5.5.60-MariaDB
-- PHP Version: 7.1.24

SET SQL_MODE = "NO_AUTO_VALUE_ON_ZERO";
SET AUTOCOMMIT = 0;
START TRANSACTION;
SET time_zone = "+00:00";


/*!40101 SET @OLD_CHARACTER_SET_CLIENT=@@CHARACTER_SET_CLIENT */;
/*!40101 SET @OLD_CHARACTER_SET_RESULTS=@@CHARACTER_SET_RESULTS */;
/*!40101 SET @OLD_COLLATION_CONNECTION=@@COLLATION_CONNECTION */;
/*!40101 SET NAMES utf8mb4 */;

--
-- Database: `llr4395`
--

-- --------------------------------------------------------

--
-- Table structure for table `attendee`
--

CREATE TABLE `attendee` (
  `idattendee` int(11) NOT NULL,
  `name` varchar(100) NOT NULL,
  `password` varchar(100) NOT NULL,
  `role` int(11) DEFAULT NULL
) ENGINE=MyISAM DEFAULT CHARSET=latin1;

--
-- Dumping data for table `attendee`
--

INSERT INTO `attendee` (`idattendee`, `name`, `password`, `role`) VALUES
(1, 'admin', 'dfc3c40f4febab4fca7f76a6936def7c3b6e82397e231ba65e55531c92f7dbff', 1),
(13, 'manager', 'dfc3c40f4febab4fca7f76a6936def7c3b6e82397e231ba65e55531c92f7dbff', 2),
(14, 'attendee', 'dfc3c40f4febab4fca7f76a6936def7c3b6e82397e231ba65e55531c92f7dbff', 3);

-- --------------------------------------------------------

--
-- Table structure for table `attendee_event`
--

CREATE TABLE `attendee_event` (
  `event` int(11) NOT NULL,
  `attendee` int(11) NOT NULL,
  `paid` tinyint(4) NOT NULL DEFAULT '0'
) ENGINE=MyISAM DEFAULT CHARSET=latin1;

-- --------------------------------------------------------

--
-- Table structure for table `attendee_session`
--

CREATE TABLE `attendee_session` (
  `session` int(11) NOT NULL,
  `attendee` int(11) NOT NULL
) ENGINE=MyISAM DEFAULT CHARSET=latin1;

--
-- Dumping data for table `attendee_session`
--

INSERT INTO `attendee_session` (`session`, `attendee`) VALUES
(11, 1),
(11, 13),
(11, 14),
(12, 1),
(12, 13),
(12, 14);

-- --------------------------------------------------------

--
-- Table structure for table `event`
--

CREATE TABLE `event` (
  `idevent` int(11) NOT NULL,
  `name` varchar(50) NOT NULL,
  `datestart` datetime NOT NULL,
  `dateend` datetime NOT NULL,
  `numberallowed` int(11) NOT NULL,
  `venue` int(11) NOT NULL
) ENGINE=MyISAM DEFAULT CHARSET=latin1;

--
-- Dumping data for table `event`
--

INSERT INTO `event` (`idevent`, `name`, `datestart`, `dateend`, `numberallowed`, `venue`) VALUES
(10, 'Billy Joel Concert', '2019-03-13 00:00:00', '2019-03-15 00:00:00', 13000, 6),
(9, 'Islanders Game', '2019-03-06 00:00:00', '2019-03-06 00:00:00', 1000, 2);

-- --------------------------------------------------------

--
-- Table structure for table `manger_event`
--

CREATE TABLE `manger_event` (
  `event` int(11) NOT NULL,
  `manager` int(11) NOT NULL
) ENGINE=InnoDB DEFAULT CHARSET=latin1;

--
-- Dumping data for table `manger_event`
--

INSERT INTO `manger_event` (`event`, `manager`) VALUES
(9, 1),
(10, 13);

-- --------------------------------------------------------

--
-- Table structure for table `roles`
--

CREATE TABLE `roles` (
  `idroles` int(11) NOT NULL,
  `name` varchar(45) NOT NULL
) ENGINE=MyISAM DEFAULT CHARSET=latin1;

--
-- Dumping data for table `roles`
--

INSERT INTO `roles` (`idroles`, `name`) VALUES
(1, 'admin'),
(2, 'event manager'),
(3, 'attendee');

-- --------------------------------------------------------

--
-- Table structure for table `session`
--

CREATE TABLE `session` (
  `idsession` int(11) NOT NULL,
  `name` varchar(50) NOT NULL,
  `numberallowed` int(11) NOT NULL,
  `event` int(11) NOT NULL,
  `startdate` datetime NOT NULL,
  `enddate` datetime NOT NULL
) ENGINE=MyISAM DEFAULT CHARSET=latin1;

--
-- Dumping data for table `session`
--

INSERT INTO `session` (`idsession`, `name`, `numberallowed`, `event`, `startdate`, `enddate`) VALUES
(11, '6:00 Game', 750, 9, '2019-03-06 18:00:00', '2019-03-06 21:00:00'),
(12, '9:00 Showtime', 13000, 10, '2019-03-13 21:00:00', '2019-03-13 23:00:00');

-- --------------------------------------------------------

--
-- Table structure for table `token`
--

CREATE TABLE `token` (
  `token` char(128) NOT NULL,
  `idattendee` int(11) NOT NULL,
  `issuedate` datetime NOT NULL,
  `expiredate` datetime NOT NULL,
  `ipaddress` text NOT NULL,
  `expired` tinyint(1) NOT NULL DEFAULT '0'
) ENGINE=InnoDB DEFAULT CHARSET=latin1;

--
-- Dumping data for table `token`
--

INSERT INTO `token` (`token`, `idattendee`, `issuedate`, `expiredate`, `ipaddress`, `expired`) VALUES
('03135788d64045994a6887f912576d39cef070c6eabbceb5cb3fae72e16073af1b80caf32255244b19856ad3608aef15be6bbfd8a9865b05d6c95e33069e9aa3', 1, '2019-03-03 18:10:00', '2019-03-03 19:10:00', '129.21.149.189', 1),
('04e8a62debad011f765e34dae7ef8eaf5a8052efff91f9caaad545e1b0ac863c93f629a5e0a5403882f0ff51e257c5ab368e34f814f95034af07919b596fdc8d', 1, '2019-03-02 15:18:55', '2019-03-02 16:18:55', '129.21.149.189', 1),
('07a336c2484305589c7b55a330e8a4acb52bd5311e24d05ab94b746b0c34acf31daa872e4d56fa944f3fb842489fc966a625a3e6b384ce0147be10836f5cb523', 1, '2019-03-03 12:46:15', '2019-03-03 13:46:15', '129.21.149.189', 1),
('082f1fb0a9340bbadf8ff178b7f6aeadf3fc78bbb79e09e88257a0e3af0ae61824da1f59d62b6771b301bdaccbe8227b7f26e2d7a158c88cd2e8b19420796d3a', 3, '2019-03-03 18:20:50', '2019-03-03 19:20:50', '129.21.149.189', 1),
('0a315b820fd8c70e36bd244abeef6ba780b371636ba84a1bb2e70e66f7b36d088e73ffb396e71a723a21990493035c12b3f2dadd143d9ce3218a6765406d875f', 1, '2019-03-05 11:49:10', '2019-03-05 12:49:10', '129.21.149.189', 1),
('0f182187cab78aabfa8da94f9ddd0b335f50aecf16d8027b0d55c6c765b41112facbe1b5bc48706061f740818b8f8273455c0f3a2c446da0ea4801ce8bee9374', 1, '2019-03-04 06:49:31', '2019-03-04 07:49:31', '129.21.149.189', 1),
('10b78a1cd98e0cab6310fd4d19cdab8432f9a214cd6886bd6002d91b46828f5d47d03c2f2def01ba0efc9118945caccc2c3bd9b2d4b911521528bf55fa370a81', 1, '2019-03-03 20:27:16', '2019-03-03 21:27:16', '129.21.149.189', 1),
('10ee0f4c128e06982bc8dca587e9a385420aaa3b075bbf106f77cc9b157d6a2e8a19b885a45843213b318f2cb79ba4202a0c12b42c4aeb59f4e349be9a4f0f9b', 1, '2019-02-27 15:36:52', '2019-02-27 16:36:52', '129.21.149.189', 1),
('11a661e3763b06d13a850b8536c952d89426eaaa9b551e46c44703f9024cbe1e80855d822f4b98a2171d7ad63c82a3b4419bc36bdf10064b78fbc556b944fbd0', 1, '2019-03-02 16:55:37', '2019-03-02 17:55:37', '129.21.149.189', 1),
('15209911f8b4ff0626a28e3b79cfb5b56c510bee93559ae1cbbe86f36a48bb41755dcffde91148f6b2dcae8bc9846280b93d89ee2d40ccdc488a6ece9b28cc25', 1, '2019-03-03 19:54:22', '2019-03-03 20:54:22', '129.21.149.189', 1),
('18d4afa4408c16e175e06952ac198926f94a7a6e4a2ba63d2a4cc0b8543acedbebdc5c54e51debf90c72a4029b4795abe794b5f72454626204294b5eaf21a662', 1, '2019-03-04 13:58:54', '2019-03-04 14:58:54', '129.21.149.189', 1),
('1ab12714caa1826d083483e2f52ec9cbddc31f5b132f230928bbb102dae00054c237a71d3cca47db7e14e6db3d97dcaadbb993959670cf08a549f23b2cb4bfeb', 1, '2019-02-27 17:06:02', '2019-02-27 18:06:02', '129.21.149.189', 1),
('1cf6ecfc0ebcb59c391136870b123d9865959516f897ac731c90ac4fbee08adb9fc9d82543b59f960e0f52db876e2aa77a98b1726ccfbbdced65d2f7be56971f', 1, '2019-02-27 17:19:30', '2019-02-27 18:19:30', '129.21.149.189', 1),
('1d97ccf9c72fce753bf7f70db0abec6208e0056306b6053548950e534e15e245e12846a2cc4216c010bbb358ffad30b9376367e7a906c53b2d2b1eb010ecb13e', 1, '2019-02-27 16:05:59', '2019-02-27 17:05:59', '129.21.149.189', 1),
('22661abb2723d0fdc90e9d95e0d66a9213d5309d83fba87991c955964b48f99148dc22b2e74fa2fff9a2984f1e39dfb5baaaef8f2ee2a93807478f1e0350ab98', 1, '2019-03-03 16:04:21', '2019-03-03 17:04:21', '129.21.149.189', 1),
('2332b6f3b5dcf785ce0244d68cf1809168de7a74aaead618567186477055b1095ec793fa19c9ff89f52e60bcd11b0303ef986afdd69a8b6118941e8028ec2ab1', 7, '2019-03-04 12:59:34', '2019-03-04 13:59:34', '129.21.228.9', 1),
('26e24f7a286c9859f27af6828b84e79a8fc2f378ffbeede4da70d8ef6a3c80fae7a6816c2b38433d1c2530e6ca2eecb3c621bb837a7413b01136fabdfd1eeef1', 1, '2019-02-27 17:23:58', '2019-02-27 18:23:58', '129.21.149.189', 1),
('28841d9f3787a5156baa2a2f6237e2df7c2ba2f6ebf076a4b9b848f66157bdd21c5cabb4a5ab92907b8926caf34e32cb81d651cbd4df19735beaa351c4825953', 7, '2019-03-05 17:48:11', '2019-03-05 18:48:11', '129.21.149.189', 1),
('2b9e74a5224924ceddfd71a6c24b78343b9e0e16aab89d55bb86d36d53fd663e8b6cb05646047c11bdebd4072464d9ea4c1a05af4099b4c6e3d52c60c52ccfec', 1, '2019-03-03 18:20:54', '2019-03-03 19:20:54', '129.21.149.189', 1),
('2ba543d54294df77a8d279e4b07e50c2da20ed06c2bc633aee81d8c9aa049e264eca613056aabecbb0f842152303c5aaae135cefa5fcfaee615e5a4daca32ad9', 1, '2019-02-28 11:00:23', '2019-02-28 12:00:23', '129.21.149.189', 1),
('2d07f5af6a4feb534f0d28406efeca47062f804d9500046f1ca82b77f92da66178ccaf0e30b098cd1b70255bd880a6456fbecb0518ec36e4e914d16cdfbd2cb6', 1, '2019-02-27 20:16:21', '2019-02-27 21:16:21', '129.21.149.189', 1),
('3075ea80ad3ec15ccae658f1890f2180b1d0a94b14a9a6e6f011268679ba59eaa58ed5b6401fcce662a83a874d9a235c588f142d6daf1969a25801e4b56d6fd7', 1, '2019-02-27 15:38:04', '2019-02-27 16:38:04', '129.21.149.189', 1),
('37601c8d622dcf2c60e34dd7c884806ee70eebc2232a4f81638e06a426fe43fb3985c8ad12f0780f02c02f9d9fa0495a4108c57ce06d5047c658986573c10b7b', 1, '2019-03-03 15:40:57', '2019-03-03 16:40:57', '129.21.149.189', 1),
('3b3749a1bdfacff58b1cc0f7a905162d2a5e0ffe168dbe282c511ca15ab6499f9c457d3fa595719bdcfdc105ababda30d10749a9d3bb5d619e1f42e68514f1cd', 10, '2019-03-03 18:24:32', '2019-03-03 19:24:32', '129.21.149.189', 1),
('3b9007ba7d9ccde2d39ad78c77a9686d4a3c8e8bdde0fb726e112097b68d040627b7b9e15ae0d0c566e4b1720f0716fb9c6be485626e21f0e90b5393168c0164', 1, '2019-03-03 21:05:55', '2019-03-03 22:05:55', '129.21.149.189', 1),
('3c0aefdeb925005a443bf625b1513d6c1c5536b966ab1e3fbc8468d3fa4804d89c1ca2702026e7477cea483003d5a6491e1593a665f9bc98870c2dd66e8e22e3', 3, '2019-03-05 11:58:22', '2019-03-05 12:58:22', '129.21.149.189', 1),
('3c63908d37926075fa5213e3fb670a2a1e97439adc27d0aa7c714b2bbf0839bd2446c6ba88fce3d2588d9c036151b8a9a78ca44a8cf88a849733946038945dc9', 1, '2019-02-27 18:35:48', '2019-02-27 19:35:48', '129.21.149.189', 1),
('3ca1061577854524c6f455d37696a18670fe22d51b801a1652f59f2b15e7d5dcec812ea284a5abe0f7ca147949a0e6a6ab5b68bdd4c36fbac8b1002e1f901123', 1, '2019-03-02 15:54:32', '2019-03-02 16:54:32', '129.21.149.189', 1),
('4614cf2f220c2bf9884b08a50d8a1dd8b05f3a3c51aa01680cb3bb4b7283824d50a640491fbc90132d2be3e6125eb346b8d23f2b97f200b2b1adecfe6c3fbec3', 1, '2019-03-03 13:29:16', '2019-03-03 14:29:16', '129.21.149.189', 1),
('4c429eff5d3ce2462d37cf3d8b9d672a96dc584e3cd8bc9235c21e97e60378fc79203933fc48508160d87c656e695c5dea26a14527010654b84d619ae57b102c', 1, '2019-03-04 09:13:39', '2019-03-04 10:13:39', '129.21.149.189', 1),
('4c5f21aaf916c623fda2a2c185f82f746ffc280d854b40ab9f8433f08ec1c9e52c7bbbd08c8fe30a5bf2e007e34d20ff4deda7371fb3c6fe81941e2b26f83c84', 3, '2019-03-05 17:47:15', '2019-03-05 18:47:15', '129.21.149.189', 1),
('4f9b7bb419d31d06a9efac930dafc442a3c98807cd1897029a55d42666a7129f410426601f35ad94542ea9cf316ba93d06b216082b320c9f9050cd2e195bc4e3', 1, '2019-02-28 16:14:01', '2019-02-28 17:14:01', '129.21.149.189', 1),
('5075a476be8ffa2f9f85bdcea02064f37ff802f080826cfb792707bfb44ac9b620c9126418b3b502ba305e7fcdead054ecfe4f917fe505292da3dc5f500a088a', 1, '2019-03-02 15:13:57', '2019-03-02 16:13:57', '129.21.149.189', 1),
('5322a9e84d9192f35cde6eed3485cee31c11271afeb82cc787a25af17166c405410d252e19da90a6d851fc1dea408b9f692c43ea8c656794ac576f552b9c2be6', 1, '2019-03-03 11:40:56', '2019-03-03 12:40:56', '129.21.149.189', 1),
('56076ada9185f6f3daf690679c0968bdf7281c2a5128d9f26167e8b946981333675ebb864aaec1fe7d56ea533ad2b9f48534fd90f73dcae972455db209817d29', 1, '2019-03-05 17:48:26', '2019-03-05 18:48:26', '129.21.149.189', 1),
('56739ada5cfe2d385a4bbe1b05ee1c717d5889c43901cb3553f5ce12497c8c418bfad944a485ae88eb75d6626ff4e1aba512c3f1d3bcdc5601d10d5510af10fc', 2, '2019-03-03 13:15:39', '2019-03-03 14:15:39', '129.21.149.189', 1),
('5c1701de3cb84c48d8f214ceb004840bc2d7d0a6f241b7b5a80246f3451d2969070a34f1acd489c6152c6a60eba8141541f416653c69dfaf33c42af612ab970d', 1, '2019-03-04 12:57:16', '2019-03-04 13:57:16', '129.21.149.189', 1),
('5e4379c4f7a645311d60f7127ba7550955e867931de3c416c6b3764dad55d530b2b6764bc0ed8d1996f762c631daf86cf09fd3d2970827ae2883c0a8bf80db08', 1, '2019-03-03 14:48:58', '2019-03-03 15:48:58', '129.21.149.189', 1),
('5ed8971c31d1bae6720920d9904a922c89ecc5f002137f37003a5d30ce7dc8f67dc00a79042bd75f10590ec0cb774490abed4193d56a1d3d4155e38f3acf66ba', 1, '2019-03-04 13:56:35', '2019-03-04 14:56:35', '129.21.149.189', 1),
('634160895b522ac3586d3239d538e8a2eae2b1bc47723ec7d59f7ad64b049a6b3e92488369fc27fb0458db828dc184f678bb2bb6d386956a7909d31dbd06c794', 1, '2019-03-03 09:45:44', '2019-03-03 10:45:44', '129.21.149.189', 1),
('69fd54d551d125a6b78363a4192a0f19f987dd67dd8e8736548cbdaa8bab68c62476603dc3cf35caacd14291e04056203303ef84065b822730eb076087b572ff', 1, '2019-03-03 13:28:02', '2019-03-03 14:28:02', '129.21.149.189', 1),
('6a7430b849512c2c680db0c480cf787fbe3ddd5e3d961103c9fc38f7e23c1a4b56c25fd30933589a99a44fe50f228be9d89a0829dabc391a6f068fd546a16b5a', 1, '2019-02-27 17:56:49', '2019-02-27 18:56:49', '129.21.149.189', 1),
('6ade993ac45c5ad8563382d5ca3270b8fcd46db77e8c9137d753324c562dbcb2b153a1689cefa25c1e92b1b1389bcc68acad8357dac58efea73070e6f67dbd50', 1, '2019-03-05 17:46:58', '2019-03-05 18:46:58', '129.21.149.189', 1),
('6f50b67328f3a7c587f30bc98afe5010ec6d2e456b0360bea9118818b27b04c16e497906ab34c7d0f9e95196c750c7536bd8204a2d8bf08b7370706700e440e2', 1, '2019-03-05 17:47:50', '2019-03-05 18:47:50', '129.21.149.189', 1),
('71ce2461e6c627a7f0e908124945a54435176f549aa42de3d74509fd7badd067081e13037fbe3b01120b4e0d11b4b19453dd8460d4cf9d7bc99a4bfe7035fc68', 1, '2019-03-02 17:09:17', '2019-03-02 18:09:17', '129.21.149.189', 1),
('71fec94a5d66265fc2ebf1b36e9f8af3cacd2dd9b388a61d51067d4e00e3873c6278a6071705696e71c0e699003b6f761660f5e3fa979aa637a73cc5680529d2', 1, '2019-03-03 10:16:34', '2019-03-03 11:16:34', '129.21.149.189', 1),
('720d05d15c68d3360aaaaf6b95be57a020ce7b700a0839ad58728c93f52108955e262c41634e67ef717de064c6c0ba0e05bb5a3c7d85f148e03282c1f83d2e20', 1, '2019-03-03 17:05:39', '2019-03-03 18:05:39', '129.21.149.189', 1),
('77069421b0a83a0d28e9fc0b05d6da372be76eb37a3a60e7db5ddc5a20d7eed99ce27e1417db1fa48eef63b9df43f66f4a7857f8d20acd8c85ec5360b6842ff4', 1, '2019-03-04 21:13:43', '2019-03-04 22:13:43', '129.21.149.189', 1),
('77c73d64361d965920d9c253fe9daeb77e92d40a6c034888fc48c9cc7f811b379ac82fa11702702c13d12f15d4610f304c1ab045b8eecd07ac90197da04e296d', 1, '2019-03-03 13:17:14', '2019-03-03 14:17:14', '129.21.149.189', 1),
('79ddc86926a178b3c10ceb4d3dbc6b3c9104a27c5328cdcb9abf9ad9c0df4df8fd1f6514eb80cf0bb43c7c4c94ea1d9f08f7630879e66ea24ae0bcb54ce99e3e', 3, '2019-03-05 17:46:49', '2019-03-05 18:46:49', '129.21.149.189', 1),
('7ab095ef585251ead598d8548bdf245327f1730f5931d359e24e9e34c35fdf720ebf74087cc85e79eb5d89830d105de5edb13d82464fb613bee5399cedfc7a40', 1, '2019-03-05 08:27:53', '2019-03-05 09:27:53', '129.21.149.189', 1),
('80e07bb91d258fbf3691c88ef458d6c5220d349887536ece06c671addc1395bdb65bebcae7db18ba891ed4720b2d0c6b8cb24fa0dd005d951ce55bccde8f32b5', 1, '2019-03-04 11:57:04', '2019-03-04 12:57:04', '129.21.149.189', 1),
('818c9a505ff0c74128a01391fe696ba7166cb3d293758464049ef4ecc6143239a9062ba1db46a8fd1d0f3aef8bdeba204021cfa1973e4082fdd17300bb4dbc59', 3, '2019-03-03 13:29:10', '2019-03-03 14:29:10', '129.21.149.189', 1),
('842d671f3e00871f76d89d0170f4f847456a3db814213d466ce41483d184c167c161e9b984386fedbb6186a13625355b31db982613ab3f962e8651cebba75719', 1, '2019-03-03 20:19:51', '2019-03-03 21:19:51', '129.21.149.189', 1),
('889ec24c176f720c3607fd519dba6fa8331b389e490f6c1b2179abecd7e4bdb6eff6a9149335a963b58ad6680d89618ba7bd8d5ef004871ab6688d1eed54ee1b', 3, '2019-03-05 07:19:58', '2019-03-05 08:19:58', '129.21.149.189', 1),
('8c4e05771cb27b164b0bb90a408e94f364cb8169d55b858183a7970d589f5592bd6e22459b4279486e22903d45b6744d4547955e6f9c4a0cc91f061dd7208133', 1, '2019-03-02 13:56:57', '2019-03-02 14:56:57', '129.21.149.189', 1),
('90a299405b088417e59f34d41d6d56f5185f9294b0bbb7abf8006f1045aceb8b60b675fe69b8ae47b9e0bd3672e8b33a63dda5713b2109df38ba841de2c8aace', 1, '2019-03-02 17:42:32', '2019-03-02 18:42:32', '129.21.149.189', 1),
('93578d0e1cfbe6e0dbdc4a81010d9b3984bea1500692c010d0acbe6b2c6bf401abd6a26e59a1201d39867c2cdd47c5a751d73561239ff6127c4a22fba068a220', 1, '2019-03-05 06:49:28', '2019-03-05 07:49:28', '129.21.149.189', 1),
('952259e0ce1b3e0ea1ccf4d234eb741884f263aa58f3f778c66432f88aaeb9bcb5aaa8fa4e532871a52015cb29d1d8817ea9c790b2bc1958631ded8e376318f1', 1, '2019-02-28 11:36:54', '2019-02-28 12:36:54', '129.21.149.189', 1),
('9fd0c5bdb3bcb354fe62caa9ca21da4781d136fd43c2950f9dfa8cd989095c2a0202f7c598afb5ab24f9a746e9dfca3729d71f7347186317a72ad0071eb51e90', 1, '2019-03-05 17:39:28', '2019-03-05 18:39:28', '129.21.149.189', 1),
('a06ee53738271094ad854d2185e991d3773e8eab42f00e3e20ed21d17807c8de124beeddad21c00054401ba83575bedecd23636f9aad8c3dc1c2bcf536feb002', 1, '2019-03-02 15:55:29', '2019-03-02 16:55:29', '129.21.149.189', 1),
('a194ae1ee2d8ba73df04620eb207ba402b0cd36678c3f9cb22f082b7f7d2d43eed9c50c7e1b85fdff1a392bb8763f3495f40e37a7733d47ab77edbc31a640589', 1, '2019-03-03 09:56:16', '2019-03-03 10:56:16', '129.21.149.189', 1),
('a9ea241d30e25b8a233dc98a0630c6e9f6562307153def4ca9710b7b04df1304ded2affb290b811bacd8b9b0d3d0bf0bedaee7b5c6a534f1336a1d473a22fac3', 1, '2019-03-03 18:24:43', '2019-03-03 19:24:43', '129.21.149.189', 1),
('abacce5a3ac7daed8fccbb52deb27d7affc31d9cb658f239eb77fd83b52faf4a51d96f72054c74ecf32707f0558b009fb1bce6a308d9a6883e6b2759e2b36897', 1, '2019-02-27 15:36:25', '2019-02-27 15:36:25', '129.21.149.189', 1),
('ad113909b1cb59a5458ed0064e63463a307905b8325f5713c46ca8ae5d0370cb29713454bbc9fb507a46df0b1b2fd9e64ccc6d33b333929992bc36021279751a', 1, '2019-03-05 18:49:56', '2019-03-05 19:49:56', '129.21.149.189', 1),
('ad70fa40f1ee73f90a26ddf78851f6ea8dbf3238cd6f15802325e0b0bc6d04bf1cd8e4d737ebf6ee7bdeec7dfd4748677f05dfaf2e5dd03c4d6e7f1517928c38', 1, '2019-02-27 15:37:06', '2019-02-27 16:37:06', '129.21.149.189', 1),
('add2fb31cb12f6426dab56a1f56ad87892e453f094bef58cebc6b01dbe7ec17b56b370ad59d87553adca641db8bd2f5e3fefc92d73e4de4cb408715eb3f25d4b', 1, '2019-03-03 15:45:56', '2019-03-03 16:45:56', '129.21.149.189', 1),
('b0157708e6649f367402f82bc44be173d7183faed1fe82e029779d9e8854947bd13ccc66e209bcd8dcf0ac93683bc46bcd0ee8fb814d2a6556a93772734ca9c6', 1, '2019-03-05 11:59:10', '2019-03-05 12:59:10', '129.21.149.189', 1),
('b11378f38a1e54d4229466fe214cc1499c6fc60918ff1793d44aa3386bb5f7cd756dd4183a41e57f549a39149444739b7393456932609fb61c929d92a7b87319', 1, '2019-03-02 14:22:45', '2019-03-02 15:22:45', '129.21.149.189', 1),
('be6cdc0b7d02d52938b19ae4b7f056796db884a5f092c032c1d72744064e13227b4602111634e4c9ff913c77f24e2a3724a07c29c5112b82ab6e282c5576764a', 3, '2019-03-03 13:15:30', '2019-03-03 14:15:30', '129.21.149.189', 1),
('bf612f502733a32f6c56a5b7bb49820694718001a39c18cf0ac92401237e04430d47137271cfbaeab8cf177b9ddb6d62ed36041e5126b6e3017d21d2aaf8aecc', 1, '2019-02-27 15:57:40', '2019-02-27 16:57:40', '129.21.149.189', 1),
('c45b25dd3422a6df51f2b05d81340d3dfde2748b6d11c67553b94295f01488300ecb585b7f3186f3a2ec856b4a9d85d2671e217c138f17337bdb6fa97b2b16ec', 2, '2019-03-03 09:54:24', '2019-03-03 10:54:24', '129.21.149.189', 1),
('c4b48679fd35425b58b46e7f76b5dfb5dbfaf02cbfa4e67471a279fe0f657b09e6ab118923050b029f9addfb46c7ed102b9e23a44f785d264019547c9b312ed9', 1, '2019-03-05 07:22:16', '2019-03-05 08:22:16', '129.21.149.189', 1),
('c4d6f6bbf1f7e98a88de49ca1ec3cbc40dbe5b36cbb579e4224764282be61d09cd76d5f48cc24405d8cda7edb489a61a094e2db4772b4b97c80f4a27152d1ef4', 1, '2019-03-01 14:50:37', '2019-03-01 15:50:37', '129.21.149.189', 1),
('c8f8be1f421c9584a4674de8fa0b8e58d70ce27d816ff94b3359575775cafa7355897a60449bc70af7d706ecae827cd73666aa5780363d251a6d74e6cf039923', 1, '2019-03-04 13:57:38', '2019-03-04 14:57:38', '129.21.149.189', 1),
('cd839a86a08adafce64ef9509fe736b8ec0a5d77bcca9e89f97f3055a4246f49c81d1c084ee759cd907085658d561ad2090df9d1d9d334969da5a4debd83f3be', 1, '2019-03-03 13:37:18', '2019-03-03 14:37:18', '129.21.149.189', 1),
('cfef0111a7447d1765c9439db24fd71b75b95d733fc2eb358e38f8263f728c42b4d7155e088500145b47b3648f401851fc8965986e1fbfabdded897bbd64101d', 3, '2019-03-04 13:57:53', '2019-03-04 14:57:53', '129.21.149.189', 1),
('d2e2806a308b30076151ec01deda10d488540f37c57cfa81362cd1b72a84c6bacd5e9865dfd26890528dc290ac91f47b6cc1853d031a7c26dc038ac6b6a39144', 11, '2019-03-03 20:19:40', '2019-03-03 21:19:40', '129.21.149.189', 1),
('d301959ecef20db6251ce6da953d562b4791db1286b6f3e44e03b13eb3711e8fde09be281e7140ffa3554e142193ec9c405998f9d9ebe9cc7db6289ce7255928', 1, '2019-03-05 15:21:45', '2019-03-05 16:21:45', '129.21.149.189', 1),
('d44ac89f94c3e62900a1740565f6d76b84c817ea1ff383b29b993b6e7b8990d5f4917508a5e2f996993d58928952f34270ebca2c683b09d6f02f88da0df1bdf7', 1, '2019-03-03 09:10:13', '2019-03-03 10:10:13', '129.21.149.189', 1),
('d4f5f2eb47b6122390a72e3eda60820a22702537ecf92562e643f2c332ec8e1f1a02600777026651d3e8bb4223d1b3f872c0fee34e52d640490ce2334db1107b', 1, '2019-02-28 09:37:56', '2019-02-28 10:37:56', '129.21.149.189', 1),
('db258318b8dacabf6bc35d04ebd2c8388d711a4a6d4d78ffb86cf327d1e05006feea1cdcf48accfe4adc45507f68d9cf163b43f58be3d41060a16894dfdcf651', 1, '2019-03-03 13:15:18', '2019-03-03 14:15:18', '129.21.149.189', 1),
('dcc8fcd70d96a92be2f2c51fc14c64bd8fa61eddab2332ac379d36f8ea1128cd012966bce3d28ff8c62739e6a740fe2dca1720b92e397f4d9905d5689a71fb34', 1, '2019-03-03 17:06:44', '2019-03-03 18:06:44', '129.21.149.189', 1),
('dd7520d280bc2063d91f0f6428f721692b09997deb6886515ecb294163a84b28051b3bdf0707bb27ab201c27529a8bcbaf89fdf00b57fb943725cedf7f2ed3bf', 1, '2019-03-03 09:50:24', '2019-03-03 10:50:24', '129.21.149.189', 1),
('de1d064cb532b46af93977a4128ada7162341e401c8048d994123e09ca955b967e4d0e7cfe8bbf7fd5ffbc722eb31cb259d987859bab334ed1cb25fdf14722f7', 1, '2019-03-02 17:14:55', '2019-03-02 18:14:55', '129.21.149.189', 1),
('de51a11a489b61f0e464eaab88d205a368775c78c9fecd0da7a4bbbf1d04f0466e55fee3041b85c010f6609b97def9aea42becfa527d9ae8fda634969999e9fe', 3, '2019-03-05 11:58:49', '2019-03-05 12:58:49', '129.21.149.189', 1),
('e3c775039e1477afe14a980b1abf79be11e78d7a68ff1a978776b50fdc99a8d68ae2c56872bb39f78287f948645fed91658e3d81b4860069c50c91984e1aa42b', 1, '2019-03-02 23:26:10', '2019-03-03 00:26:10', '129.21.149.189', 1),
('e46d8decaa5ae4bb892585e41e11e020582aef2362f4c02474a685e53cae2dcab622392db4012a0972196d4b7c57db19a395d723418979289d06af1f788ad520', 1, '2019-03-06 06:32:12', '2019-03-06 07:32:12', '129.21.149.189', 0),
('e665a533ebb620129d5912d9283fbf80c87b886fe2b4f157ed4c2bea139d957793dc9e05ac5be8b6b6fcd894aaa50b8b409ed20dbec6bfae0d0a85fe60afb712', 1, '2019-03-05 16:22:09', '2019-03-05 17:22:09', '129.21.149.189', 1),
('ece95e47bb7fc341a58becd47a37be5d68f1fc5249e4847afc2a9f5075a6b7c1c35b321bb93655cfd28050d8568c6dbbc8c86a181530a7fab20d6521d7eef8eb', 7, '2019-03-03 15:40:38', '2019-03-03 16:40:38', '129.21.149.189', 1),
('eda2f974673098e1433077854b381ec4679ce26e6b91b2b9967cb86e85dd9d4cdf0288f39f1f9ac514830e48ce41d4221d3a6a5a6ff4af0a6a59ecac7a825d65', 1, '2019-03-04 20:13:36', '2019-03-04 21:13:36', '129.21.149.189', 1),
('f1e35794f4e92cf733434e5f3f86b4f23ca2f627a124a31570dacf54ac94af09a3d2420087155affa6901c7e7bb9f726cf6986162e336efa7ee10576d30a4cc0', 1, '2019-03-03 10:15:30', '2019-03-03 11:15:30', '129.21.149.189', 1),
('f5234956a190da27f4e4e22cbd8a9e8ce681ef4876f76ae412dbb498d64e20333c6641d1fad246b4824393e5d94a04f864d8a2fd4356e37207ca262d00dd3b68', 1, '2019-03-04 20:00:51', '2019-03-04 21:00:51', '129.21.149.189', 1),
('f53939fb6c9d25ecb0407aacb65eac600aaf2657bf7c70e32ab8a26da6b57b075ff9c779ae9df6e2b8ba0144ca42e9db09371ddb36fe65d5b34db269389b7fe2', 2, '2019-03-03 09:47:51', '2019-03-03 10:47:51', '129.21.149.189', 1),
('f73bf6eef054da74b8e49aea44cf7983226f3ae3adab5929bf140e222999892e273b3b8a2ddf622f36a0fe76316d6037a9f54dc36f782bc8e5186764d19d1948', 1, '2019-03-02 17:06:34', '2019-03-02 18:06:34', '129.21.149.189', 1),
('fadcfd592c007fece43d2fb04f32e7fe640be08bade3c354f5d9213068d2eb5037db8cb4073d90549fe47a09ff0c9995012d5c2c4c36e680399e8fecaaed9d2d', 1, '2019-03-01 12:56:29', '2019-03-01 13:56:29', '129.21.149.189', 1),
('fb7cc8b43a2161c4750c61f0ed8601b327780d3447e0171b2851bec03c22f41b56b2add1cf9ab423f58fa5b5b974724d08cd653451d4f6f490f854cf76052315', 1, '2019-02-27 15:48:34', '2019-02-27 16:48:34', '129.21.149.189', 1),
('fc3c57b6678514ffbe789730e1f0258787eaffd2bd6483f3f726acdfd74b2e404789bbdc5ad08de6b59cbc1a8fd930d678555d533983569348e0956a75323108', 1, '2019-03-05 11:58:35', '2019-03-05 12:58:35', '129.21.149.189', 1),
('fe5a1946ef789b50eece5a5ad3931138fc1e09fb5e996683d32dabcf1659eca3af356ccc43d362024cb135c760cfec33f1e1241c5694199b8290bb6dc5182458', 10, '2019-03-03 18:24:02', '2019-03-03 19:24:02', '129.21.149.189', 1);

-- --------------------------------------------------------

--
-- Table structure for table `venue`
--

CREATE TABLE `venue` (
  `idvenue` int(11) NOT NULL,
  `name` varchar(50) NOT NULL,
  `capacity` int(11) DEFAULT NULL
) ENGINE=MyISAM DEFAULT CHARSET=latin1;

--
-- Dumping data for table `venue`
--

INSERT INTO `venue` (`idvenue`, `name`, `capacity`) VALUES
(3, 'Shea Stadium', 41922),
(2, 'Nassau Coliseum', 14500),
(6, 'Madison Square Garden', 14000);

--
-- Indexes for dumped tables
--

--
-- Indexes for table `attendee`
--
ALTER TABLE `attendee`
  ADD PRIMARY KEY (`idattendee`),
  ADD KEY `role_idx` (`role`);

--
-- Indexes for table `attendee_event`
--
ALTER TABLE `attendee_event`
  ADD PRIMARY KEY (`event`,`attendee`);

--
-- Indexes for table `attendee_session`
--
ALTER TABLE `attendee_session`
  ADD PRIMARY KEY (`session`,`attendee`);

--
-- Indexes for table `event`
--
ALTER TABLE `event`
  ADD PRIMARY KEY (`idevent`),
  ADD UNIQUE KEY `name_UNIQUE` (`name`);

--
-- Indexes for table `manger_event`
--
ALTER TABLE `manger_event`
  ADD PRIMARY KEY (`event`,`manager`);

--
-- Indexes for table `roles`
--
ALTER TABLE `roles`
  ADD PRIMARY KEY (`idroles`),
  ADD UNIQUE KEY `name_UNIQUE` (`name`);

--
-- Indexes for table `session`
--
ALTER TABLE `session`
  ADD PRIMARY KEY (`idsession`);

--
-- Indexes for table `token`
--
ALTER TABLE `token`
  ADD PRIMARY KEY (`token`);

--
-- Indexes for table `venue`
--
ALTER TABLE `venue`
  ADD PRIMARY KEY (`idvenue`),
  ADD UNIQUE KEY `name_UNIQUE` (`name`);

--
-- AUTO_INCREMENT for dumped tables
--

--
-- AUTO_INCREMENT for table `attendee`
--
ALTER TABLE `attendee`
  MODIFY `idattendee` int(11) NOT NULL AUTO_INCREMENT, AUTO_INCREMENT=15;
--
-- AUTO_INCREMENT for table `event`
--
ALTER TABLE `event`
  MODIFY `idevent` int(11) NOT NULL AUTO_INCREMENT, AUTO_INCREMENT=11;
--
-- AUTO_INCREMENT for table `roles`
--
ALTER TABLE `roles`
  MODIFY `idroles` int(11) NOT NULL AUTO_INCREMENT, AUTO_INCREMENT=4;
--
-- AUTO_INCREMENT for table `session`
--
ALTER TABLE `session`
  MODIFY `idsession` int(11) NOT NULL AUTO_INCREMENT, AUTO_INCREMENT=13;
--
-- AUTO_INCREMENT for table `venue`
--
ALTER TABLE `venue`
  MODIFY `idvenue` int(11) NOT NULL AUTO_INCREMENT, AUTO_INCREMENT=7;COMMIT;

/*!40101 SET CHARACTER_SET_CLIENT=@OLD_CHARACTER_SET_CLIENT */;
/*!40101 SET CHARACTER_SET_RESULTS=@OLD_CHARACTER_SET_RESULTS */;
/*!40101 SET COLLATION_CONNECTION=@OLD_COLLATION_CONNECTION */;
